[
  {
    "title": "Fireworks",
    "artist": "M.C. Escher",
    "date": "November, 1933",
    "location": "Rome, Italy",
    "imageLink": "escher.jpeg",
    "mediaHref": "https://www.ngv.vic.gov.au/custom/screens/escher-printmaking/lithography.html",
    "videoId": "",
    "webpageId": "",
    "color": "fff3cf",
    "medium": "Lithograph"
  },
  {
    "title": "Flowers of Fire: Illustrations from Japanese Fireworks Catalogues for Hirayama Fireworks and Yokoi Fireworks",
    "artist": "C. T. Brock and Company",
    "date": "ca. 1880s",
    "location": "Japan",
    "imageLink": "Firework-Japan-illustrations-blue78.jpeg",
    "mediaHref": "https://publicdomainreview.org/collection/japanese-fireworks-catalogues",
    "videoId": "",
    "webpageId": "",
    "color": "00e4e6",
    "medium": "Illustration"
  },
  {
    "title": "Flowers of Fire: Illustrations from Japanese Fireworks Catalogues for Hirayama Fireworks and Yokoi Fireworks",
    "artist": "C. T. Brock and Company",
    "date": "ca. 1880s",
    "location": "Japan",
    "imageLink": "Firework-Japan-illustrations-black76.jpeg",
    "mediaHref": "https://publicdomainreview.org/collection/japanese-fireworks-catalogues",
    "videoId": "",
    "webpageId": "",
    "color": "ffc108",
    "medium": "Illustration"
  },
  {
    "title": "Flowers of Fire: Illustrations from Japanese Fireworks Catalogues for Hirayama Fireworks and Yokoi Fireworks",
    "artist": "C. T. Brock and Company",
    "date": "ca. 1880s",
    "location": "Japan",
    "imageLink": "Firework-Japan-illustrations-black38.jpeg",
    "mediaHref": "https://publicdomainreview.org/collection/japanese-fireworks-catalogues",
    "videoId": "",
    "webpageId": "",
    "color": "f43636",
    "medium": "Illustration"
  },
  {
    "title": "Diwali Hindu Festival of Lights",
    "artist": "Jacek Kadaj",
    "date": "October 12, 2013",
    "location": "Old Delhi, India",
    "imageLink": "diwali2013.jpeg",
    "mediaHref": "https://www.cntraveler.com/galleries/2012-11-14/diwali-hindu-festival-of-light-photos",
    "videoId": "",
    "webpageId": "",
    "color": 6262000,
    "medium": "Photograph"
  },
  {
    "title": "Fourth of July. From a boat docked at the Lighthouse Point Marina & Yacht Club in South Toms River",
    "artist": "Thomas P. Costello",
    "date": "July 4, 2021",
    "location": "New Jersey, United States",
    "imageLink": "jersey.jpeg",
    "mediaHref": "https://www.app.com/story/life/2022/06/21/nj-fireworks-near-me-jersey-shore-fourth-of-july-2022/7650345001/",
    "videoId": "",
    "webpageId": "",
    "color": "ff869d",
    "medium": "Photograph"
  },
  {
    "title": "The Joyous Festival",
    "artist": "Gaston La Touche",
    "date": "ca. 1906",
    "location": "Paris, France",
    "imageLink": "joyous.jpeg",
    "mediaHref": "https://artsandculture.google.com/asset/the-joyous-festival-gaston-la-touche/vQGLRU3bkNUsgg",
    "videoId": "",
    "webpageId": "",
    "color": "ffc108",
    "medium": "Oil Painting"
  },
  {
    "title": "Fireworks on the Sumida at Present",
    "artist": "Kawase Hasui",
    "date": "n.d",
    "location": "Japan",
    "imageLink": "Kawase-Hasui.jpeg",
    "mediaHref": "https://www.miniaturejapanesewoodblocks.net/gallery-2-1",
    "videoId": "",
    "webpageId": "",
    "color": "f43636",
    "medium": "Woodblock Print"
  },
  {
    "title": "Fireworks at Ryogoku Bridge, Tokyo",
    "artist": "Takahashi Shotei",
    "date": 1936,
    "location": "Tokyo, Japan",
    "imageLink": "Takahashi-shotei-1936.jpeg",
    "mediaHref": "https://woodblock-print.eu/takahashi-shotei-fireworks-at-ryogoku-bridge%2C-tokyo-detail.html?utm_source=barnebys&utm_medium=referral&utm_campaign=barnebys&utm_content=2021-08-08",
    "videoId": "",
    "webpageId": "",
    "color": "ff869d",
    "medium": "Woodblock Print"
  },
  {
    "title": "Fireworks at Ikenohata 「池の端花火」",
    "artist": "Kobayashi Kiyochika",
    "date": 1881,
    "location": "Japan",
    "imageLink": "Kobayashi-Kiyochika-1881-Ikenohata.jpeg",
    "mediaHref": "https://www.metmuseum.org/art/collection/search/712976",
    "videoId": "",
    "webpageId": "",
    "color": "f43636",
    "medium": "Woodblock Print"
  },
  {
    "title": "Celebration of Light, Team Brazil",
    "artist": "Vick Sahota",
    "date": 2015,
    "location": "Vancouver, Canada",
    "imageLink": "Brazil-Celebration-of-Light.gif",
    "mediaHref": "http://www.vicksahota.com/blog/2015/8/11/2015-celebration-of-light",
    "videoId": "",
    "webpageId": "",
    "color": "ff869d",
    "medium": "Photograph"
  },
  {
    "title": "Celebration of Light, Team Canada",
    "artist": "Vick Sahota",
    "date": 2015,
    "location": "Vancouver, Canada",
    "imageLink": "Canada-Celebration-of-Light.gif",
    "mediaHref": "http://www.vicksahota.com/blog/2015/8/11/2015-celebration-of-light",
    "videoId": "",
    "webpageId": "",
    "color": "fff3cf",
    "medium": "Photograph"
  },
  {
    "title": "Fireworks, Vernon Bridge",
    "artist": "Theodore Earl Butler",
    "date": 1908,
    "location": "Giverny, France",
    "imageLink": "VernonBridge-Theodore.jpeg",
    "mediaHref": "https://useum.org/artwork/Fireworks-Vernon-Bridge-Theodore-Earl-Butler-1908",
    "videoId": "",
    "webpageId": "",
    "color": 6262000,
    "medium": "Oil Painting"
  },
  {
    "title": "Summer Night 「夏の夜」",
    "artist": "Shiro Kasamatsu",
    "date": 1957,
    "location": "Tokyo, Japan",
    "imageLink": "Shiro-KASAMATSU.jpeg",
    "mediaHref": "https://ukiyo-e.org/image/artelino/28982g1",
    "videoId": "",
    "webpageId": "",
    "color": "ffc108",
    "medium": "Woodblock Print"
  },
  {
    "title": "FIRE-WORKES and ILLUMINATIONS on the River Thames",
    "artist": "Anonymous",
    "date": "May 15, 1749",
    "location": "United Kingdom",
    "imageLink": "RoyalFireworks.jpeg",
    "mediaHref": "https://commons.wikimedia.org/wiki/File:RoyalFireworks.jpg",
    "videoId": "",
    "webpageId": "",
    "color": 6262000,
    "medium": "Etching"
  },
  {
    "title": "Diwali Fireworks",
    "artist": "Sajjad Hussain",
    "date": "October 26, 2011",
    "location": "New Delhi, India",
    "imageLink": "diwali2011.jpeg",
    "mediaHref": "https://www.npr.org/sections/thetwo-way/2011/10/26/141733893/cool-photo-lighting-fireworks-for-diwali",
    "videoId": "",
    "webpageId": "",
    "color": "fff3cf",
    "medium": "Photograph"
  },
  {
    "title": "Fireworks in Venice",
    "artist": "Konstantin Gorbatov",
    "date": 1935,
    "location": "Venice, Italy",
    "imageLink": "venice-Konstantin.jpeg",
    "mediaHref": "https://www.wikiart.org/en/konstantin-ivanovich-gorbatov/fireworks-in-venice-1935",
    "videoId": "",
    "webpageId": "",
    "color": "15c643",
    "medium": "Oil Painting"
  },
  {
    "title": "Fireworks over Castel Sant’Angelo in Rome",
    "artist": "Jacob Philipp Hackert",
    "date": 1775,
    "location": "Rome, Italy",
    "imageLink": "castel-jacob.jpeg",
    "mediaHref": "https://useum.org/artwork/Fireworks-over-Castel-Sant-Angelo-in-Rome-Jacob-Philipp-Hackert-1775",
    "videoId": "",
    "webpageId": "",
    "color": 6262000,
    "medium": "Oil Painting"
  },
  {
    "title": "La Girandola a Castel Sant’Angelo",
    "artist": "Ippolito Caffi",
    "date": "Mid 19th century",
    "location": "Rome, Italy",
    "imageLink": "castel1.jpeg",
    "mediaHref": "https://www.antichitaischia.it/en/product/-la-girandola-di-castel-sant--angelo-",
    "videoId": "",
    "webpageId": "",
    "color": "ffc108",
    "medium": "Oil Painting"
  },
  {
    "title": "La Girandola a Castel Sant’Angelo",
    "artist": "Ippolito Caffi",
    "date": "1840-48",
    "location": "Rome, Italy",
    "imageLink": "castel2.jpeg",
    "mediaHref": "https://www.romasparita.eu/foto-roma-sparita/113987/castel-santangelo-185",
    "videoId": "",
    "webpageId": "",
    "color": "ff869d",
    "medium": "Oil Painting"
  },
  {
    "title": "Test fireworks by Johann Khonn",
    "artist": "Joseph Furttenbach",
    "date": 1645,
    "location": "Germany",
    "imageLink": "Joseph-germany.jpeg",
    "mediaHref": "https://commons.wikimedia.org/wiki/File:Test_fireworks_by_Johann_Khonn,_painted_by_Joseph_Furttenbach_I,_Ulm,_1645,_oil_on_canvas_-_Germanisches_Nationalmuseum_-_Nuremberg,_Germany_-_DSC02776.jpg",
    "videoId": "",
    "webpageId": "",
    "color": "ffc108",
    "medium": "Oil Painting"
  },
  {
    "title": "Fuochi d'artificio a Venezia",
    "artist": "Georges Barbier",
    "date": 1924,
    "location": "Venice, Italy",
    "imageLink": "Georges-Barbier-Venice-1924.jpeg",
    "mediaHref": "https://www.meisterdrucke.it/stampe-d-arte/Georges-Barbier/1174041/%27Fuochi-d%27artificio-a-Venezia%27,-1924.html",
    "videoId": "",
    "webpageId": "",
    "color": 6262000,
    "medium": "Illustration"
  },
  {
    "title": "River Fireworks 「鴨川花火」",
    "artist": "Kotozuka Eiichi",
    "date": "ca. 1950s",
    "location": "Japan",
    "imageLink": "Kotozuka-river.jpeg",
    "mediaHref": "https://ukiyo-e.org/image/jaodb/Kotozuka_Eiichi-No_Series-River_Fireworks-00043162-110927-F06",
    "videoId": "",
    "webpageId": "",
    "color": "f43636",
    "medium": "Woodblock Print"
  },
  {
    "title": "Fuochi d’artificio, Venezia",
    "artist": "Jessie Drew-Bear",
    "date": 1950,
    "location": "Venice, Italy",
    "imageLink": "Jessie-Drew-Bear.jpeg",
    "mediaHref": "https://woodmereartmuseum.org/explore-online/collection/fireworks-venice",
    "videoId": "",
    "webpageId": "",
    "color": "fff3cf",
    "medium": "Oil Painting"
  },
  {
    "title": "Fuochi d’artificio",
    "artist": "Firmin Baes",
    "date": "October, 1937",
    "location": "Paris, France",
    "imageLink": "Firmin-Baes-1937-Fuochi.jpeg",
    "mediaHref": "http://www.berkofineOil Paintings.com/catalogue/the-fire-works/",
    "videoId": "",
    "webpageId": "",
    "color": "00e4e6",
    "medium": "Pastel"
  },
  {
    "title": "Fireworks I",
    "artist": "Joan Miro",
    "date": 1974,
    "location": "Barcelona, Spain",
    "imageLink": "joan-1974.jpeg",
    "mediaHref": "https://www.fmirobcn.org/en/colection/catalog-works/5494/p-fireworks-i-p",
    "videoId": "",
    "webpageId": "",
    "color": "fff3cf",
    "medium": "Acrylic"
  },
  {
    "title": "New Year Fireworks Show",
    "artist": "Andrew Boening",
    "date": "December 31, 2022",
    "location": "Auckland, New Zealand",
    "imageLink": "auckland-tower.gif",
    "mediaHref": "https://sg.news.yahoo.com/zealand-rings-auckland-fireworks-show-130155233.html",
    "videoId": "",
    "webpageId": "",
    "color": "f43636",
    "medium": "Physical"
  },
  {
    "title": "The grand display of fireworks and illuminations: at the opening of the great suspension bridge between New York and Brooklyn on the evening of May 24th, 1883",
    "artist": "Currier & Ives.",
    "date": 1883,
    "location": "New York, United States",
    "imageLink": "brooklyn.jpeg",
    "mediaHref": "https://www.loc.gov/resource/pga.04849/",
    "videoId": "",
    "webpageId": "",
    "color": "f43636",
    "medium": "Lithograph"
  },
  {
    "title": "Handheld Fireworks",
    "artist": "Jessie Chen",
    "date": 2022,
    "location": "Shantou, China",
    "imageLink": "jessie2022.gif",
    "mediaHref": "",
    "videoId": "",
    "webpageId": "",
    "color": "ffc108",
    "medium": "Sparklers"
  },
  {
    "title": "Hinone Hanabi",
    "artist": "Hinone",
    "date": 2020,
    "location": "Japan",
    "imageLink": "hinone.jpeg",
    "mediaHref": "https://www.hinone-hanabi.com",
    "videoId": "",
    "webpageId": "",
    "color": "00e4e6",
    "medium": "Sparklers"
  },
  {
    "title": "Your Daytime Fireworks",
    "artist": "Cai Guo-Qiang",
    "date": 2022,
    "location": "",
    "imageLink": "daytime.gif",
    "mediaHref": "https://yourdaytimefireworks.trlab.com/",
    "videoId": "",
    "webpageId": "",
    "color": "ffc108",
    "medium": "Digital"
  },
  {
    "title": "Aspergillus Fumigatus Fungal Fireworks",
    "artist": "The Scientist Magazine",
    "date": 2017,
    "location": "",
    "imageLink": "fungus.gif",
    "mediaHref": "https://www.the-scientist.com/image-of-the-day/image-of-the-day-fungal-fireworks-31321",
    "videoId": "",
    "webpageId": "",
    "color": "f43636",
    "medium": "Digital"
  },
  {
    "title": "How to Use After Effects: Animate Simple Fireworks",
    "artist": "Lara Lee",
    "date": "July 1, 2017",
    "location": "",
    "imageLink": "lara-lee.gif",
    "mediaHref": "https://www.laralee.design/animate-simple-fireworks/",
    "videoId": "",
    "webpageId": "",
    "color": "f43636",
    "medium": "Digital"
  },
  {
    "title": "ASCII Art Fireworks",
    "artist": "@r_vizzz",
    "date": "December 8, 2020",
    "location": "",
    "imageLink": "ascii.gif",
    "mediaHref": "https://preview.redd.it/xhzh22tjr2461.gif?format=mp4&v=enabled&s=8aee323d20c40b643a86ea3e13b0ef6dbdae399e",
    "videoId": "",
    "webpageId": "",
    "color": "15c643",
    "medium": "Digital"
  },
  {
    "title": "Sky Ladder",
    "artist": "Cai Guo-Qiang",
    "date": "June 15, 2015",
    "location": "Quanzhou, China",
    "imageLink": "",
    "mediaHref": "",
    "videoId": "https://www.youtube.com/embed/eixezZuerc0",
    "webpageId": "",
    "color": "ff869d",
    "medium": "Physical"
  },
  {
    "title": "Kuwait National Day (اليوم الوطني للكويت) Kuwait Tower Fireworks Celebration",
    "artist": "",
    "date": "February 25th, 2019",
    "location": "Kuwait",
    "imageLink": "",
    "mediaHref": "",
    "videoId": "https://www.youtube.com/embed/ZOwu33l_YJ4ZOwu33l_YJ4",
    "webpageId": "",
    "color": "15c643",
    "medium": "Physical"
  },
  {
    "title": "Space Needle New Year 2013 Fireworks Seattle",
    "artist": "Alberto Navarro",
    "date": "December 31, 2012",
    "location": "Seattle, United States",
    "imageLink": "",
    "mediaHref": "",
    "videoId": "https://www.youtube.com/embed/PcoxfxlNqX8",
    "webpageId": "",
    "color": "15c643",
    "medium": "Digital"
  },
  {
    "title": "Finale 3D software for fireworks design",
    "artist": "Michael Lee",
    "date": 2017,
    "location": "",
    "imageLink": "",
    "mediaHref": "",
    "videoId": "https://www.youtube.com/embed/LdEaBmL33LE",
    "webpageId": "",
    "color": "15c643",
    "medium": "Digital"
  },
  {
    "title": "The Complete Computer Fireworks Celebration Kit",
    "artist": "Nena",
    "date": 1985,
    "location": "",
    "imageLink": "",
    "mediaHref": "",
    "videoId": "https://www.youtube.com/embed/YS3pcwrw7ow",
    "webpageId": "",
    "color": 6262000,
    "medium": "Digital"
  },
  {
    "title": "Stochastic Processes Fireworks",
    "artist": "Don Cowan",
    "date": "n.d",
    "location": "",
    "imageLink": "",
    "mediaHref": "",
    "videoId": "https://marketimpacts.squarespace.com/storage/9781118385357%20ls1201%20Fireworks%20Display.htm",
    "webpageId": "",
    "color": "ff869d",
    "medium": "Digital"
  }
]